,Artist / Song Info,Label,Plays,WOC,LW,TW,Change,WEEK
,"BILLY MORRISON, OZZY OSBOURNE & STEVE STEVENS / CRACK COCAINE",TLG/ZOID/Virgin,1062,1,1,1,-27,07/02/2024
,SLEEP THEORY / FALLOUT,Epitaph,940,2,2,2,+13,07/02/2024
,FROM ASHES TO NEW / BARELY BREATHING,Better Noise,796,4,3,3,+17,07/02/2024
,FAME ON FIRE / NIGHTMARE (THE DEVIL),Hopeless,778,5,4,4,+36,07/02/2024
,NOTHING MORE / IF IT DOESN'T HURT,Better Noise,778,3,5,5,-68,07/02/2024
,FALLING IN REVERSE & JELLY ROLL / ALL MY LIFE,Epitaph,718,10,6,6,+150,07/02/2024
,FIVE FINGER DEATH PUNCH / THIS IS THE WAY (FT. DMX),Better Noise,691,6,7,7,-28,07/02/2024
,DAUGHTRY / PIECES,Big Machine,632,7,8,8,-18,07/02/2024
,PEARL JAM / WRECKAGE,Republic,625,8,9,9,+28,07/02/2024
,MOTLEY CRUE / DOGS OF WAR,Big Machine,556,9,10,10,-28,07/02/2024
,SHALLOW SIDE / FILTERS,Thermal,544,14,11,11,+58,07/02/2024
,WAGE WAR / MAGNETIC,Fearless/Concord,542,13,12,12,+29,07/02/2024
,STAIND / BETTER DAYS,Alchemy/CO5,526,12,13,13,+13,07/02/2024
,THE OFFSPRING / MAKE IT ALL RIGHT,Concord,503,20,14,14,+97,07/02/2024
,BAD OMENS / V.A.N (FT. POPPY),Sumerian,485,19,15,15,+67,07/02/2024
,IMAGES OF EDEN / HERE COMES THE SUN,Pavement,478,16,16,16,+39,07/02/2024
,ROYALE LYNN / DEATH WISH (FT. DANNY WORSNOP),Epitaph,475,21,17,17,+89,07/02/2024
,BLACK VEIL BRIDES / BLEEDERS,Spinefarm/Land Shark,437,17,18,18,+3,07/02/2024
,DOOR 13 / NOW,Curtain Call,422,24,19,19,+42,07/02/2024
,SET IT OFF / FAKE ASS FRIENDS,Why Worry/Stem,387,22,20,20,+1,07/02/2024
,TIM MONTANA / SAVAGE,Music Knox/BBR/BMG,384,26,21,21,+13,07/02/2024
,ATRIUM / SILENT LUCIDITY,Independent,361,30,22,22,+33,07/02/2024
,FOZZY / ARMY OF ONE,Madison/The Orchard,358,32,23,23,+59,07/02/2024
,BLACKLITE DISTRICT / YOU CAN DO BETTER,AK19,354,35,24,24,+72,07/02/2024
,GRIN CYNIC / LET ME GO,Pavement,353,34,25,25,+61,07/02/2024
,HARDY / ROCKSTAR,Big Loud Rock,344,18,26,26,-87,07/02/2024
,A DAY TO REMEMBER / FEEDBACK,Fueled By Ramen/3eE,343,38,27,27,+73,07/02/2024
,ABOVE SNAKES / RIDE AND DIE,Independent,332,31,28,28,+8,07/02/2024
,GODSMACK / TRUTH,BMG,332,28,29,29,-15,07/02/2024
,FREEMOOR / SHINE,Independent,330,36,30,30,+48,07/02/2024
,METALLICA / SCREAMING SUICIDE,Blackened/Q Prime,324,29,31,31,-20,07/02/2024
,BRING ME THE HORIZON / TOP 10 STATUES THAT CRIED BLOOD,Columbia,320,33,32,32,+28,07/02/2024
,P.O.D. / AFRAID TO DIE,Mascot/MLG,316,27,33,33,-40,07/02/2024
,HALESTORM & I PREVAIL / CAN YOU SEE ME IN THE DARK?,Atlantic,315,45,34,34,+90,07/02/2024
,BLACK STONE CHERRY / WHEN THE PAIN COMES,Mascot/MLG,292,25,35,35,-82,07/02/2024
,INIMICAL DRIVE / VICTIM,In Detail/Land Shark,291,46,36,36,+68,07/02/2024
,PAUL BENJAMAN BAND / MY BAD SIDE WANTS A GOOD TIME,Pasadena,283,15,37,37,-174,07/02/2024
,LINES OF LOYALTY / HURTS TO BE HUMAN,C3&B/CO5,279,37,38,38,+1,07/02/2024
,MOON FEVER / FOREVER SLEEP,Astro/Amplify,256,43,39,39,+16,07/02/2024
,THE WARNING / S!CK,Lava/Republic,248,39,40,40,-13,07/02/2024
,COLDWARDS / THE FIRE INSIDE,Wake Up! Music Rocks,245,42,41,41,+5,07/02/2024
,PALAYE ROYALE / DEAD TO ME,Sumerian,237,44,42,42,+4,07/02/2024
,PLUSH / RUN,Pavement,219,49,43,43,+24,07/02/2024
,LINKIN PARK / FRIENDLY FIRE,Warner,217,47,44,44,-1,07/02/2024
,BEARTOOTH / I WAS ALIVE,Red Bull,216,48,45,45,+3,07/02/2024
,MESSER / THROW IT AWAY,Independent,199,40,46,46,-61,07/02/2024
,NONPOINT / UNDERDOG,361 Degrees,196,52,47,47,+26,07/02/2024
,BLACKLIST UNION / HORNS AND HALOS,BLU,190,54,48,48,+30,07/02/2024
,SUM 41 / LANDMINES,BMG,186,51,49,49,-1,07/02/2024
,THE GHOST INSIDE / WASH IT AWAY,Epitaph,184,41,50,50,-66,07/02/2024
,"BILLY MORRISON, OZZY OSBOURNE & STEVE STEVENS / CRACK COCAINE",TLG/ZOID/Virgin,1004,1,1,1,-58,07/09/2024
,SLEEP THEORY / FALLOUT,Epitaph,968,2,2,2,+28,07/09/2024
,FROM ASHES TO NEW / BARELY BREATHING,Better Noise,794,3,3,3,-2,07/09/2024
,FAME ON FIRE / NIGHTMARE (THE DEVIL),Hopeless,791,4,4,4,+13,07/09/2024
,FALLING IN REVERSE & JELLY ROLL / ALL MY LIFE,Epitaph,757,6,5,5,+39,07/09/2024
,PEARL JAM / WRECKAGE,Republic,658,9,6,6,+33,07/09/2024
,FIVE FINGER DEATH PUNCH / THIS IS THE WAY (FT. DMX),Better Noise,657,7,7,7,-34,07/09/2024
,DAUGHTRY / PIECES,Big Machine,641,8,8,8,+9,07/09/2024
,NOTHING MORE / IF IT DOESN'T HURT,Better Noise,633,5,9,9,-145,07/09/2024
,MOTLEY CRUE / DOGS OF WAR,Big Machine,625,10,10,10,+69,07/09/2024
,SHALLOW SIDE / FILTERS,Thermal,584,11,11,11,+40,07/09/2024
,WAGE WAR / MAGNETIC,Fearless/Concord,574,12,12,12,+32,07/09/2024
,THE OFFSPRING / MAKE IT ALL RIGHT,Concord,558,14,13,13,+55,07/09/2024
,STAIND / BETTER DAYS,Alchemy/CO5,540,13,14,14,+14,07/09/2024
,IMAGES OF EDEN / HERE COMES THE SUN,Pavement,510,16,15,15,+32,07/09/2024
,ROYALE LYNN / DEATH WISH (FT. DANNY WORSNOP),Epitaph,484,17,16,16,+9,07/09/2024
,BAD OMENS / V.A.N (FT. POPPY),Sumerian,455,15,15,17,-30,07/09/2024
,BLACK VEIL BRIDES / BLEEDERS,Spinefarm/Land Shark,430,18,18,18,-7,07/09/2024
,FOZZY / ARMY OF ONE,Madison/The Orchard,418,23,19,19,+60,07/09/2024
,HALESTORM & I PREVAIL / CAN YOU SEE ME IN THE DARK?,Atlantic,409,34,20,20,+94,07/09/2024
,GRIN CYNIC / LET ME GO,Pavement,409,25,21,21,+56,07/09/2024
,BLACKLITE DISTRICT / YOU CAN DO BETTER,AK19,408,24,22,22,+54,07/09/2024
,SET IT OFF / FAKE ASS FRIENDS,Why Worry/Stem,392,20,23,23,+5,07/09/2024
,ATRIUM / SILENT LUCIDITY,Independent,381,22,24,24,+20,07/09/2024
,TIM MONTANA / SAVAGE,Music Knox/BBR/BMG,377,21,25,25,-7,07/09/2024
,FREEMOOR / SHINE,Independent,355,30,26,26,+25,07/09/2024
,A DAY TO REMEMBER / FEEDBACK,Fueled By Ramen/3eE,347,27,27,27,+4,07/09/2024
,BRING ME THE HORIZON / TOP 10 STATUES THAT CRIED BLOOD,Columbia,346,32,28,28,+26,07/09/2024
,INIMICAL DRIVE / VICTIM,In Detail/Land Shark,335,36,29,29,+44,07/09/2024
,ABOVE SNAKES / RIDE AND DIE,Independent,308,28,30,30,-24,07/09/2024
,P.O.D. / AFRAID TO DIE,Mascot/MLG,306,33,31,31,-10,07/09/2024
,MOON FEVER / FOREVER SLEEP,Astro/Amplify,299,12,39,32,+43,07/09/2024
,DOOR 13 / NOW,Curtain Call,292,6,19,33,-130,07/09/2024
,METALLICA / SCREAMING SUICIDE,Blackened/Q Prime,259,19,31,34,-66,07/09/2024
,MYLES KENNEDY / SAY WHAT YOU WILL,Napalm,243,51,35,35,+63,07/09/2024
,COLDWARDS / THE FIRE INSIDE,Wake Up! Music Rocks,242,11,41,36,-3,07/09/2024
,PLUSH / RUN,Pavement,237,5,43,37,+18,07/09/2024
,HARDY / ROCKSTAR,Big Loud Rock,231,19,26,38,-113,07/09/2024
,BLACKLIST UNION / HORNS AND HALOS,BLU,230,2,48,39,+40,07/09/2024
,GODSMACK / TRUTH,BMG,226,21,29,40,-106,07/09/2024
,PALAYE ROYALE / DEAD TO ME,Sumerian,222,6,42,41,-16,07/09/2024
,THE ALMAS / LIFELINE,Wake Up! Music Rocks,219,1,52,42,+44,07/09/2024
,NONPOINT / UNDERDOG,361 Degrees,209,2,47,43,+13,07/09/2024
,BLACK STONE CHERRY / WHEN THE PAIN COMES,Mascot/MLG,205,23,35,44,-87,07/09/2024
,LINES OF LOYALTY / HURTS TO BE HUMAN,C3&B/CO5,196,17,38,45,-83,07/09/2024
,STRIPPING THE PISTOL / HOPE,TLG/ZOID/Virgin,185,1,63,46,+67,07/09/2024
,BEARTOOTH / I WAS ALIVE,Red Bull,183,25,45,47,-33,07/09/2024
,MESSER / FIND OUT,Maddpants/ONErpm/FM,178,1,65,48,+65,07/09/2024
,SUM 41 / LANDMINES,BMG,176,7,49,49,-10,07/09/2024
,LINKIN PARK / FRIENDLY FIRE,Warner,175,20,44,50,-42,07/09/2024
,SLEEP THEORY / FALLOUT,Epitaph,995,2,1,1,+27,07/16/2024
,"BILLY MORRISON, OZZY OSBOURNE & STEVE STEVENS / CRACK COCAINE",TLG/ZOID/Virgin,885,1,2,2,-119,07/16/2024
,FAME ON FIRE / NIGHTMARE (THE DEVIL),Hopeless,797,4,3,3,+6,07/16/2024
,FALLING IN REVERSE & JELLY ROLL / ALL MY LIFE,Epitaph,787,5,4,4,+30,07/16/2024
,FROM ASHES TO NEW / BARELY BREATHING,Better Noise,755,3,5,5,-39,07/16/2024
,DAUGHTRY / PIECES,Big Machine,657,8,6,6,+16,07/16/2024
,MOTLEY CRUE / DOGS OF WAR,Big Machine,653,10,7,7,+28,07/16/2024
,THE OFFSPRING / MAKE IT ALL RIGHT,Concord,644,13,8,8,+86,07/16/2024
,SHALLOW SIDE / FILTERS,Thermal,634,11,9,9,+50,07/16/2024
,PEARL JAM / WRECKAGE,Republic,627,6,10,10,-31,07/16/2024
,WAGE WAR / MAGNETIC,Fearless/Concord,571,12,11,11,-3,07/16/2024
,STAIND / BETTER DAYS,Alchemy/CO5,543,14,12,12,+3,07/16/2024
,GRIN CYNIC / LET ME GO,Pavement,504,21,13,13,+95,07/16/2024
,ROYALE LYNN / DEATH WISH (FT. DANNY WORSNOP),Epitaph,471,16,14,14,-13,07/16/2024
,BAD OMENS / V.A.N (FT. POPPY),Sumerian,467,17,15,15,+12,07/16/2024
,BLACK VEIL BRIDES / BLEEDERS,Spinefarm/Land Shark,465,18,16,16,+35,07/16/2024
,FIVE FINGER DEATH PUNCH / THIS IS THE WAY (FT. DMX),Better Noise,464,7,17,17,-193,07/16/2024
,BLACKLITE DISTRICT / YOU CAN DO BETTER,AK19,463,22,18,18,+55,07/16/2024
,FOZZY / ARMY OF ONE,Madison/The Orchard,453,19,19,19,+35,07/16/2024
,HALESTORM & I PREVAIL / CAN YOU SEE ME IN THE DARK?,Atlantic,449,20,20,20,+40,07/16/2024
,IMAGES OF EDEN / HERE COMES THE SUN,Pavement,434,15,21,21,-76,07/16/2024
,NOTHING MORE / IF IT DOESN'T HURT,Better Noise,431,9,22,22,-202,07/16/2024
,ATRIUM / SILENT LUCIDITY,Independent,420,24,23,23,+39,07/16/2024
,INIMICAL DRIVE / VICTIM,In Detail/Land Shark,417,29,24,24,+82,07/16/2024
,FREEMOOR / SHINE,Independent,405,26,25,25,+50,07/16/2024
,SET IT OFF / FAKE ASS FRIENDS,Why Worry/Stem,402,23,26,26,+10,07/16/2024
,A DAY TO REMEMBER / FEEDBACK,Fueled By Ramen/3eE,377,27,27,27,+30,07/16/2024
,TIM MONTANA / SAVAGE,Music Knox/BBR/BMG,376,25,28,28,-1,07/16/2024
,BRING ME THE HORIZON / TOP 10 STATUES THAT CRIED BLOOD,Columbia,371,28,29,29,+25,07/16/2024
,ABOVE SNAKES / RIDE AND DIE,Independent,300,30,30,30,-8,07/16/2024
,MOON FEVER / FOREVER SLEEP,Astro/Amplify,296,32,31,31,-3,07/16/2024
,MYLES KENNEDY / SAY WHAT YOU WILL,Napalm,290,35,32,32,+47,07/16/2024
,BLACKLIST UNION / HORNS AND HALOS,BLU,286,39,33,33,+56,07/16/2024
,P.O.D. / AFRAID TO DIE,Mascot/MLG,285,31,34,34,-21,07/16/2024
,THE ALMAS / LIFELINE,Wake Up! Music Rocks,272,42,35,35,+53,07/16/2024
,PLUSH / RUN,Pavement,246,37,36,36,+9,07/16/2024
,STRIPPING THE PISTOL / HOPE,TLG/ZOID/Virgin,241,46,37,37,+56,07/16/2024
,COLDWARDS / THE FIRE INSIDE,Wake Up! Music Rocks,232,36,38,38,-10,07/16/2024
,MESSER / FIND OUT,Maddpants/ONErpm/FM,223,48,39,39,+45,07/16/2024
,SEETHER / JUDAS MIND,Concord,211,0,40,40,+211,07/16/2024
,NONPOINT / UNDERDOG,361 Degrees,210,43,41,41,+1,07/16/2024
,KITTIE / WE ARE SHADOWS,Sumerian,190,51,42,42,+17,07/16/2024
,ALL THAT REMAINS / LET YOU GO,Independent,186,56,43,43,+49,07/16/2024
,PALAYE ROYALE / DEAD TO ME,Sumerian,186,41,44,44,-36,07/16/2024
,VENREZ / CROSSED THE LINE,Wake Up! Music Rocks,185,59,45,45,+64,07/16/2024
,THE FUNERAL PORTRAIT / SUFFOCATE CITY,Better Noise,184,60,46,46,+65,07/16/2024
,SUM 41 / LANDMINES,BMG,175,8,49,47,-1,07/16/2024
,METALLICA / SCREAMING SUICIDE,Blackened/Q Prime,170,20,34,48,-89,07/16/2024
,BEARTOOTH / I WAS ALIVE,Red Bull,167,26,47,49,-16,07/16/2024
,BLACK STONE CHERRY / WHEN THE PAIN COMES,Mascot/MLG,161,24,44,50,-44,07/16/2024
1,SLEEP THEORY / FALLOUT,Epitaph,1014,22,1,1,+19,07/23/2024
2,FALLING IN REVERSE & JELLY ROLL / ALL MY LIFE,Epitaph,942,6,4,2,+155,07/23/2024
3,FAME ON FIRE / NIGHTMARE (THE DEVIL),Hopeless,804,21,3,3,+7,07/23/2024
4,FROM ASHES TO NEW / BARELY BREATHING,Better Noise,715,20,5,4,-40,07/23/2024
5,SHALLOW SIDE / FILTERS,Thermal,685,10,9,5,+51,07/23/2024
6,THE OFFSPRING / MAKE IT ALL RIGHT,Concord,673,6,8,6,+29,07/23/2024
7,DAUGHTRY / PIECES,Big Machine,668,17,6,7,+11,07/23/2024
8,MOTLEY CRUE / DOGS OF WAR,Big Machine,660,12,7,8,+7,07/23/2024
9,WAGE WAR / MAGNETIC,Fearless/Concord,612,16,11,9,+41,07/23/2024
10,PEARL JAM / WRECKAGE,Republic,577,12,10,10,-50,07/23/2024
11,BLACKLITE DISTRICT / YOU CAN DO BETTER,AK19,544,7,18,11,+81,07/23/2024
12,STAIND / BETTER DAYS,Alchemy/CO5,529,12,12,12,-14,07/23/2024
13,HALESTORM & I PREVAIL / CAN YOU SEE ME IN THE DARK?,Atlantic,526,5,20,13,+77,07/23/2024
14,ROYALE LYNN / DEATH WISH (FT. DANNY WORSNOP),Epitaph,525,8,14,14,+54,07/23/2024
15,INIMICAL DRIVE / VICTIM,In Detail/Land Shark,515,5,24,15,+98,07/23/2024
16,FOZZY / ARMY OF ONE,Madison/The Orchard,478,7,19,16,+25,07/23/2024
17,BAD OMENS / V.A.N (FT. POPPY),Sumerian,475,8,15,17,+8,07/23/2024
18,ATRIUM / SILENT LUCIDITY,Independent,473,6,23,18,+53,07/23/2024
19,BRING ME THE HORIZON / TOP 10 STATUES THAT CRIED BLOOD,Columbia,465,6,29,19,+94,07/23/2024
20,BLACK VEIL BRIDES / BLEEDERS,Spinefarm/Land Shark,461,11,16,20,-4,07/23/2024
21,SEETHER / JUDAS MIND,Concord,438,2,40,21,+212,07/23/2024
22,SET IT OFF / FAKE ASS FRIENDS,Why Worry/Stem,431,19,26,22,+29,07/23/2024
23,FIVE FINGER DEATH PUNCH / THIS IS THE WAY (FT. DMX),Better Noise,412,15,17,23,-52,07/23/2024
24,A DAY TO REMEMBER / FEEDBACK,Fueled By Ramen/3eE,402,5,27,24,+25,07/23/2024
25,TIM MONTANA / SAVAGE,Music Knox/BBR/BMG,401,10,28,25,+25,07/23/2024
26,IMAGES OF EDEN / HERE COMES THE SUN,Pavement,396,10,21,26,-38,07/23/2024
27,GRIN CYNIC / LET ME GO,Pavement,385,7,13,27,-119,07/23/2024
28,"BILLY MORRISON, OZZY OSBOURNE & STEVE STEVENS / CRACK COCAINE",TLG/ZOID/Virgin,367,17,2,28,-518,07/23/2024
29,MYLES KENNEDY / SAY WHAT YOU WILL,Napalm,329,3,32,29,+39,07/23/2024
30,P.O.D. / AFRAID TO DIE,Mascot/MLG,323,17,34,30,+38,07/23/2024
31,BLACKLIST UNION / HORNS AND HALOS,BLU,322,4,33,31,+36,07/23/2024
32,THE ALMAS / LIFELINE,Wake Up! Music Rocks,316,3,35,32,+44,07/23/2024
33,FREEMOOR / SHINE,Independent,312,8,25,33,-93,07/23/2024
34,STRIPPING THE PISTOL / HOPE,TLG/ZOID/Virgin,301,3,37,34,+60,07/23/2024
35,NOTHING MORE / IF IT DOESN'T HURT,Better Noise,297,24,22,35,-134,07/23/2024
36,MOON FEVER / FOREVER SLEEP,Astro/Amplify,282,14,31,36,-14,07/23/2024
37,MESSER / FIND OUT,Maddpants/ONErpm/FM,279,3,39,37,+56,07/23/2024
38,ABOVE SNAKES / RIDE AND DIE,Independent,266,10,30,38,-34,07/23/2024
39,COLDWARDS / THE FIRE INSIDE,Wake Up! Music Rocks,259,13,38,39,+27,07/23/2024
40,THE FUNERAL PORTRAIT / SUFFOCATE CITY,Better Noise,241,7,36,40,+57,07/23/2024
41,PLUSH / RUN,Pavement,237,2,45,41,-9,07/23/2024
42,VENREZ / CROSSED THE LINE,Wake Up! Music Rocks,231,4,41,42,+46,07/23/2024
43,NONPOINT / UNDERDOG,361 Degrees,218,2,42,43,+8,07/23/2024
44,KITTIE / WE ARE SHADOWS,Sumerian,210,2,43,44,+20,07/23/2024
45,ALL THAT REMAINS / LET YOU GO,Independent,193,2,45,45,+7,07/23/2024
46,PALAYE ROYALE / DEAD TO ME,Sumerian,190,8,44,46,+4,07/23/2024
47,DIRTY HONEY / DON'T PUT OUT THE FIRE,Dirt,178,1,66,47,+74,07/23/2024
48,NEW DILEMMA / RUN AND HIDE,Pavement,171,1,64,48,+53,07/23/2024
49,BEARTOOTH / I WAS ALIVE,Red Bull,155,27,49,49,-12,07/23/2024
50,HARDY / PSYCHO,Big Loud Rock/Big Loud,154,1,80,50,+75,07/23/2024
1,SLEEP THEORY / FALLOUT,Epitaph,1037,23,1,1,+23,07/30/2024
2,FALLING IN REVERSE & JELLY ROLL / ALL MY LIFE,Epitaph,959,7,2,2,+17,07/30/2024
3,FAME ON FIRE / NIGHTMARE (THE DEVIL),Hopeless,774,22,3,3,-30,07/30/2024
4,FROM ASHES TO NEW / BARELY BREATHING,Better Noise,721,21,4,4,+6,07/30/2024
5,SHALLOW SIDE / FILTERS,Thermal,710,11,5,5,+25,07/30/2024
6,DAUGHTRY / PIECES,Big Machine,699,18,7,6,+31,07/30/2024
7,THE OFFSPRING / MAKE IT ALL RIGHT,Concord,675,7,6,7,+2,07/30/2024
8,WAGE WAR / MAGNETIC,Fearless/Concord,609,17,9,8,-3,07/30/2024
9,MOTLEY CRUE / DOGS OF WAR,Big Machine,600,13,8,9,-60,07/30/2024
10,ROYALE LYNN / DEATH WISH (FT. DANNY WORSNOP),Epitaph,573,9,14,10,+48,07/30/2024
11,STAIND / BETTER DAYS,Alchemy/CO5,553,13,12,11,+24,07/30/2024
12,PEARL JAM / WRECKAGE,Republic,553,13,10,12,-24,07/30/2024
13,HALESTORM & I PREVAIL / CAN YOU SEE ME IN THE DARK?,Atlantic,539,6,13,13,+13,07/30/2024
14,FOZZY / ARMY OF ONE,Madison/The Orchard,521,8,16,14,+43,07/30/2024
15,SEETHER / JUDAS MIND,Concord,516,3,21,15,+78,07/30/2024
16,BRING ME THE HORIZON / TOP 10 STATUES THAT CRIED BLOOD,Columbia,510,7,19,16,+45,07/30/2024
17,BLACKLITE DISTRICT / YOU CAN DO BETTER,AK19,484,8,11,17,-60,07/30/2024
18,BLACK VEIL BRIDES / BLEEDERS,Spinefarm/Land Shark,467,12,20,18,+6,07/30/2024
19,BAD OMENS / V.A.N (FT. POPPY),Sumerian,467,20,17,19,-8,07/30/2024
20,SET IT OFF / FAKE ASS FRIENDS,Why Worry/Stem,446,6,22,20,+15,07/30/2024
21,A DAY TO REMEMBER / FEEDBACK,Fueled By Ramen/3eE,419,11,26,21,+17,07/30/2024
22,IMAGES OF EDEN / HERE COMES THE SUN,Pavement,400,11,25,22,+4,07/30/2024
23,TIM MONTANA / SAVAGE,Music Knox/BBR/BMG,400,16,23,23,-1,07/30/2024
24,FIVE FINGER DEATH PUNCH / THIS IS THE WAY (FT. DMX),Better Noise,374,16,24,24,-38,07/30/2024
25,MYLES KENNEDY / SAY WHAT YOU WILL,Napalm,344,4,29,25,+15,07/30/2024
26,THE FUNERAL PORTRAIT / SUFFOCATE CITY,Better Noise,342,3,40,26,+101,07/30/2024
27,STRIPPING THE PISTOL / HOPE,TLG/ZOID/Virgin,340,4,34,27,+39,07/30/2024
28,THE ALMAS / LIFELINE,Wake Up! Music Rocks,330,4,32,28,+14,07/30/2024
29,BLACKLIST UNION / HORNS AND HALOS,BLU,330,5,31,29,+8,07/30/2024
30,P.O.D. / AFRAID TO DIE,Mascot/MLG,315,18,30,30,-8,07/30/2024
31,INIMICAL DRIVE / VICTIM,In Detail/Land Shark,314,6,15,31,-201,07/30/2024
32,MESSER / FIND OUT,Maddpants/ONErpm/FM,313,4,37,32,+34,07/30/2024
33,"BILLY MORRISON, OZZY OSBOURNE & STEVE STEVENS / CRACK COCAINE",TLG/ZOID/Virgin,297,18,28,33,-70,07/30/2024
34,ATRIUM / SILENT LUCIDITY,Independent,292,9,18,34,-181,07/30/2024
35,VENREZ / CROSSED THE LINE,Wake Up! Music Rocks,278,3,42,35,+47,07/30/2024
36,FREEMOOR / SHINE,Independent,272,9,33,36,-40,07/30/2024
37,ABOVE SNAKES / RIDE AND DIE,Independent,266,11,38,37,0,07/30/2024
38,GRIN CYNIC / LET ME GO,Pavement,254,8,27,38,-131,07/30/2024
39,PLUSH / RUN,Pavement,237,8,41,39,0,07/30/2024
40,COLDWARDS / THE FIRE INSIDE,Wake Up! Music Rocks,237,14,39,40,-22,07/30/2024
41,NEW DILEMMA / RUN AND HIDE,Pavement,235,25,48,41,+64,07/30/2024
42,NOTHING MORE / IF IT DOESN'T HURT,Better Noise,232,14,42,42,-65,07/30/2024
43,ALL THAT REMAINS / LET YOU GO,Independent,230,3,45,43,+37,07/30/2024
44,EMPIIRES / NEVER ENOUGH,TLG/ZOID/Virgin,219,1,51,44,+67,07/30/2024
45,KITTIE / WE ARE SHADOWS,Sumerian,210,15,44,45,0,07/30/2024
46,MOON FEVER / FOREVER SLEEP,Astro/Amplify,208,5,43,46,-74,07/30/2024
47,NONPOINT / UNDERDOG,361 Degrees,205,5,47,47,-13,07/30/2024
48,DIRTY HONEY / DON'T PUT OUT THE FIRE,Dirt,202,2,48,48,+24,07/30/2024
49,HARDY / PSYCHO,Big Loud Rock/Big Loud,197,2,50,49,+43,07/30/2024
50,THROWER / ALL I KNOW,Pavement,185,1,63,50,+62,07/30/2024
1,SLEEP THEORY / FALLOUT,Epitaph,1067,24,1,1,+30,08/06/2024
2,FALLING IN REVERSE & JELLY ROLL / ALL MY LIFE,Epitaph,955,8,2,2,-4,08/06/2024
3,FAME ON FIRE / NIGHTMARE (THE DEVIL),Hopeless,786,23,3,3,+12,08/06/2024
4,SHALLOW SIDE / FILTERS,Thermal,714,12,5,4,+4,08/06/2024
5,DAUGHTRY / PIECES,Big Machine,696,19,6,5,-3,08/06/2024
6,THE OFFSPRING / MAKE IT ALL RIGHT,Concord,689,8,7,6,+14,08/06/2024
7,WAGE WAR / MAGNETIC,Fearless/Concord,630,18,8,7,+21,08/06/2024
8,ROYALE LYNN / DEATH WISH (FT. DANNY WORSNOP),Epitaph,602,10,10,8,+29,08/06/2024
9,FROM ASHES TO NEW / BARELY BREATHING,Better Noise,598,22,4,9,-123,08/06/2024
10,HALESTORM & I PREVAIL / CAN YOU SEE ME IN THE DARK?,Atlantic,586,7,13,10,+47,08/06/2024
11,SEETHER / JUDAS MIND,Concord,576,4,15,11,+60,08/06/2024
12,FOZZY / ARMY OF ONE,Madison/The Orchard,559,9,14,12,+38,08/06/2024
13,STAIND / BETTER DAYS,Alchemy/CO5,553,14,11,13,0,08/06/2024
14,MOTLEY CRUE / DOGS OF WAR,Big Machine,547,14,9,14,-53,08/06/2024
15,BRING ME THE HORIZON / TOP 10 STATUES THAT CRIED BLOOD,Columbia,512,8,16,15,+2,08/06/2024
16,SET IT OFF / FAKE ASS FRIENDS,Why Worry/Stem,479,21,20,16,+33,08/06/2024
17,BLACK VEIL BRIDES / BLEEDERS,Spinefarm/Land Shark,463,13,18,17,-4,08/06/2024
18,A DAY TO REMEMBER / FEEDBACK,Fueled By Ramen/3eE,420,18,21,18,+1,08/06/2024
19,BAD OMENS / V.A.N (FT. POPPY),Sumerian,415,19,19,19,-52,08/06/2024
20,PEARL JAM / WRECKAGE,Republic,411,14,12,20,-142,08/06/2024
21,BLACKLITE DISTRICT / YOU CAN DO BETTER,AK19,408,9,17,21,-76,08/06/2024
22,STRIPPING THE PISTOL / HOPE,TLG/ZOID/Virgin,381,5,27,22,+41,08/06/2024
23,TIM MONTANA / SAVAGE,Music Knox/BBR/BMG,381,12,23,23,-19,08/06/2024
24,THE FUNERAL PORTRAIT / SUFFOCATE CITY,Better Noise,372,4,26,24,+30,08/06/2024
25,MESSER / FIND OUT,Maddpants/ONErpm/FM,365,5,32,25,+52,08/06/2024
26,THE ALMAS / LIFELINE,Wake Up! Music Rocks,362,5,28,26,+32,08/06/2024
27,BLACKLIST UNION / HORNS AND HALOS,BLU,351,6,29,27,+21,08/06/2024
28,MYLES KENNEDY / SAY WHAT YOU WILL,Napalm,343,4,25,28,-1,08/06/2024
29,VENREZ / CROSSED THE LINE,Wake Up! Music Rocks,297,17,35,29,+19,08/06/2024
30,FIVE FINGER DEATH PUNCH / THIS IS THE WAY (FT. DMX),Better Noise,296,17,24,30,-78,08/06/2024
31,EMPIIRES / NEVER ENOUGH,TLG/ZOID/Virgin,279,2,44,31,+60,08/06/2024
32,NEW DILEMMA / RUN AND HIDE,Pavement,279,3,41,32,+44,08/06/2024
33,P.O.D. / AFRAID TO DIE,Mascot/MLG,270,19,30,33,-45,08/06/2024
34,ABOVE SNAKES / RIDE AND DIE,Independent,261,12,37,34,-5,08/06/2024
35,THROWER / ALL I KNOW,Pavement,249,2,50,35,+64,08/06/2024
36,PLUSH / RUN,Pavement,237,9,39,36,0,08/06/2024
37,DOROTHY / MUD,Roc Nation,232,1,55,37,+92,08/06/2024
38,DIRTY HONEY / DON'T PUT OUT THE FIRE,Dirt,232,3,48,38,+30,08/06/2024
39,"BILLY MORRISON, OZZY OSBOURNE & STEVE STEVENS / CRACK COCAINE",TLG/ZOID/Virgin,229,19,33,39,-68,08/06/2024
40,HARDY / PSYCHO,Big Loud Rock/Big Loud,228,4,49,40,+31,08/06/2024
41,ALL THAT REMAINS / LET YOU GO,Independent,225,26,43,41,-5,08/06/2024
42,NOTHING MORE / IF IT DOESN'T HURT,Better Noise,223,4,42,42,-9,08/06/2024
43,NONPOINT / UNDERDOG,361 Degrees,220,6,47,43,+15,08/06/2024
44,KITTIE / WE ARE SHADOWS,Sumerian,217,4,45,44,+7,08/06/2024
45,MOON FEVER / FOREVER SLEEP,Astro/Amplify,212,16,46,45,+4,08/06/2024
46,AMERICAN PROGRESS / OUTLAW,Independent,199,1,56,46,+66,08/06/2024
47,FREEMOOR / SHINE,Independent,196,10,36,47,-76,08/06/2024
48,JERRY CANTRELL / VILIFIED,Double J,178,1,67,48,+65,08/06/2024
49,LAKEVIEW / MONEY WHERE YOUR MOUTH IS,Gravel Road,174,1,53,49,+28,08/06/2024
50,SCOTT STAPP / BLACK BUTTERFLY,Napalm,164,1,54,50,+23,08/06/2024
1,SLEEP THEORY / FALLOUT,Epitaph,1050,25,1,1,-17,08/13/2024
2,FALLING IN REVERSE & JELLY ROLL / ALL MY LIFE,Epitaph,953,9,2,2,-2,08/13/2024
3,FAME ON FIRE / NIGHTMARE (THE DEVIL),Hopeless,817,24,3,3,+31,08/13/2024
4,SHALLOW SIDE / FILTERS,Thermal,753,13,4,4,+39,08/13/2024
5,THE OFFSPRING / MAKE IT ALL RIGHT,Concord,711,9,6,5,+22,08/13/2024
6,DAUGHTRY / PIECES,Big Machine,711,20,5,6,+15,08/13/2024
7,WAGE WAR / MAGNETIC,Fearless/Concord,660,19,7,7,+30,08/13/2024
8,SEETHER / JUDAS MIND,Concord,645,5,11,8,+69,08/13/2024
9,ROYALE LYNN / DEATH WISH (FT. DANNY WORSNOP),Epitaph,624,11,8,9,+22,08/13/2024
10,HALESTORM & I PREVAIL / CAN YOU SEE ME IN THE DARK?,Atlantic,617,8,10,10,+31,08/13/2024
11,FOZZY / ARMY OF ONE,Madison/The Orchard,582,10,12,11,+23,08/13/2024
12,STAIND / BETTER DAYS,Alchemy/CO5,563,9,13,12,+10,08/13/2024
13,BRING ME THE HORIZON / TOP 10 STATUES THAT CRIED BLOOD,Columbia,520,9,15,13,+8,08/13/2024
14,BLACK VEIL BRIDES / BLEEDERS,Spinefarm/Land Shark,495,14,17,14,+32,08/13/2024
15,SET IT OFF / FAKE ASS FRIENDS,Why Worry/Stem,477,22,16,15,-2,08/13/2024
16,MOTLEY CRUE / DOGS OF WAR,Big Machine,469,15,14,16,-78,08/13/2024
17,A DAY TO REMEMBER / FEEDBACK,Fueled By Ramen/3eE,442,8,18,17,+22,08/13/2024
18,THE FUNERAL PORTRAIT / SUFFOCATE CITY,Better Noise,420,5,24,18,+48,08/13/2024
19,STRIPPING THE PISTOL / HOPE,TLG/ZOID/Virgin,418,6,22,19,+37,08/13/2024
20,FROM ASHES TO NEW / BARELY BREATHING,Better Noise,391,23,9,20,-207,08/13/2024
21,TIM MONTANA / SAVAGE,Music Knox/BBR/BMG,389,13,23,21,+8,08/13/2024
22,THE ALMAS / LIFELINE,Wake Up! Music Rocks,387,6,26,22,+25,08/13/2024
23,MESSER / FIND OUT,Maddpants/ONErpm/FM,386,6,25,23,+21,08/13/2024
24,MYLES KENNEDY / SAY WHAT YOU WILL,Napalm,360,7,28,24,+17,08/13/2024
25,BLACKLIST UNION / HORNS AND HALOS,BLU,356,6,27,25,+5,08/13/2024
26,PEARL JAM / WRECKAGE,Republic,348,15,20,26,-63,08/13/2024
27,EMPIIRES / NEVER ENOUGH,TLG/ZOID/Virgin,336,3,31,27,+57,08/13/2024
28,NEW DILEMMA / RUN AND HIDE,Pavement,330,4,32,28,+51,08/13/2024
29,VENREZ / CROSSED THE LINE,Wake Up! Music Rocks,322,5,29,29,+25,08/13/2024
30,DOROTHY / MUD,Roc Nation,316,3,37,30,+84,08/13/2024
31,THROWER / ALL I KNOW,Pavement,314,3,35,31,+65,08/13/2024
32,BAD OMENS / V.A.N (FT. POPPY),Sumerian,280,20,19,32,-135,08/13/2024
33,PLUSH / RUN,Pavement,272,10,36,33,+35,08/13/2024
34,JERRY CANTRELL / VILIFIED,Double J,263,2,48,34,+85,08/13/2024
35,HARDY / PSYCHO,Big Loud Rock/Big Loud,252,4,40,35,+24,08/13/2024
36,P.O.D. / AFRAID TO DIE,Mascot/MLG,252,20,33,36,-18,08/13/2024
37,FIVE FINGER DEATH PUNCH / THIS IS THE WAY (FT. DMX),Better Noise,249,18,30,37,-47,08/13/2024
38,ABOVE SNAKES / RIDE AND DIE,Independent,244,13,34,38,-17,08/13/2024
39,DIRTY HONEY / DON'T PUT OUT THE FIRE,Dirt,234,4,38,39,+2,08/13/2024
40,AMERICAN PROGRESS / OUTLAW,Independent,228,2,46,40,+29,08/13/2024
41,ALL THAT REMAINS / LET YOU GO,Independent,224,5,41,41,-1,08/13/2024
42,KITTIE / WE ARE SHADOWS,Sumerian,223,5,44,42,+6,08/13/2024
43,NOTHING MORE / IF IT DOESN'T HURT,Better Noise,212,7,43,43,-11,08/13/2024
44,NONPOINT / UNDERDOG,361 Degrees,190,7,44,44,-30,08/13/2024
45,FINGER ELEVEN / ADRENALINE,Better Noise,189,1,87,45,+110,08/13/2024
46,LAKEVIEW / MONEY WHERE YOUR MOUTH IS,Gravel Road,182,2,49,46,+8,08/13/2024
47,FLAT BLACK / A BIT OF LIGHTNING,Concord,178,1,54,47,+36,08/13/2024
48,BADFLOWER / DETROIT,Big Machine,174,2,59,48,+43,08/13/2024
49,SCOTT STAPP / BLACK BUTTERFLY,Napalm,174,2,49,49,+10,08/13/2024
50,BLACKLITE DISTRICT / YOU CAN DO BETTER,AK19,174,10,21,50,-234,08/13/2024
1,SLEEP THEORY / FALLOUT,Epitaph,976,26,1,1,-74,08/20/2024
2,FALLING IN REVERSE & JELLY ROLL / ALL MY LIFE,Epitaph,943,10,2,2,-10,08/20/2024
3,FAME ON FIRE / NIGHTMARE (THE DEVIL),Hopeless,823,25,3,3,+6,08/20/2024
4,THE OFFSPRING / MAKE IT ALL RIGHT,Concord,783,10,5,4,+72,08/20/2024
5,SHALLOW SIDE / FILTERS,Thermal,748,14,4,5,-5,08/20/2024
6,DAUGHTRY / PIECES,Big Machine,716,21,6,6,+5,08/20/2024
7,WAGE WAR / MAGNETIC,Fearless/Concord,691,20,7,7,+31,08/20/2024
8,HALESTORM & I PREVAIL / CAN YOU SEE ME IN THE DARK?,Atlantic,675,9,10,8,+58,08/20/2024
9,SEETHER / JUDAS MIND,Concord,666,6,8,9,+21,08/20/2024
10,FOZZY / ARMY OF ONE,Madison/The Orchard,651,11,11,10,+69,08/20/2024
11,BRING ME THE HORIZON / TOP 10 STATUES THAT CRIED BLOOD,Columbia,589,10,13,11,+69,08/20/2024
12,ROYALE LYNN / DEATH WISH (FT. DANNY WORSNOP),Epitaph,496,12,9,12,-128,08/20/2024
13,BLACK VEIL BRIDES / BLEEDERS,Spinefarm/Land Shark,491,15,14,13,-4,08/20/2024
14,A DAY TO REMEMBER / FEEDBACK,Fueled By Ramen/3eE,487,9,17,14,+45,08/20/2024
15,STRIPPING THE PISTOL / HOPE,TLG/ZOID/Virgin,460,7,19,15,+42,08/20/2024
16,THE FUNERAL PORTRAIT / SUFFOCATE CITY,Better Noise,451,6,18,16,+31,08/20/2024
17,STAIND / BETTER DAYS,Alchemy/CO5,432,16,12,17,-131,08/20/2024
18,MESSER / FIND OUT,Maddpants/ONErpm/FM,417,7,23,18,+31,08/20/2024
19,NEW DILEMMA / RUN AND HIDE,Pavement,415,5,28,19,+85,08/20/2024
20,THE ALMAS / LIFELINE,Wake Up! Music Rocks,410,7,22,20,+23,08/20/2024
21,THROWER / ALL I KNOW,Pavement,402,4,31,21,+88,08/20/2024
22,EMPIIRES / NEVER ENOUGH,TLG/ZOID/Virgin,388,4,27,22,+52,08/20/2024
23,SET IT OFF / FAKE ASS FRIENDS,Why Worry/Stem,383,23,15,23,-94,08/20/2024
24,DOROTHY / MUD,Roc Nation,381,3,30,24,+65,08/20/2024
25,BLACKLIST UNION / HORNS AND HALOS,BLU,381,8,25,25,+25,08/20/2024
26,TIM MONTANA / SAVAGE,Music Knox/BBR/BMG,381,14,21,26,-8,08/20/2024
27,MYLES KENNEDY / SAY WHAT YOU WILL,Napalm,371,7,24,27,+11,08/20/2024
28,POP EVIL / WHAT REMAINS,MNRK Heavy/G&G,343,1,62,28,+221,08/20/2024
29,VENREZ / CROSSED THE LINE,Wake Up! Music Rocks,340,6,29,29,+18,08/20/2024
30,JERRY CANTRELL / VILIFIED,Double J,310,3,34,30,+47,08/20/2024
31,DIRTY HONEY / DON'T PUT OUT THE FIRE,Dirt,291,5,39,31,+57,08/20/2024
32,PEARL JAM / WRECKAGE,Republic,283,16,26,32,-65,08/20/2024
33,AMERICAN PROGRESS / OUTLAW,Independent,278,3,40,33,+50,08/20/2024
34,MOTLEY CRUE / DOGS OF WAR,Big Machine,278,16,34,34,-191,08/20/2024
35,BADFLOWER / DETROIT,Big Machine,271,2,48,35,+97,08/20/2024
36,HARDY / PSYCHO,Big Loud Rock/Big Loud,266,5,35,36,+14,08/20/2024
37,FINGER ELEVEN / ADRENALINE,Better Noise,254,2,45,37,+65,08/20/2024
38,FROM ASHES TO NEW / BARELY BREATHING,Better Noise,250,24,20,38,-141,08/20/2024
39,ABOVE SNAKES / RIDE AND DIE,Independent,247,14,38,39,+3,08/20/2024
40,KITTIE / WE ARE SHADOWS,Sumerian,245,6,42,40,+22,08/20/2024
41,SMASHING PUMPKINS / SIGHOMMI,Thirty Tigers,238,1,55,41,+87,08/20/2024
42,PLUSH / RUN,Pavement,230,11,33,42,-42,08/20/2024
43,SCOTT STAPP / BLACK BUTTERFLY,Napalm,224,3,49,43,+50,08/20/2024
44,FIVE FINGER DEATH PUNCH / THIS IS THE WAY...,Better Noise,206,19,37,44,-43,08/20/2024
45,LAKEVIEW / MONEY WHERE YOUR MOUTH IS,Gravel Road,205,3,46,45,+23,08/20/2024
46,FLAT BLACK / A BIT OF LIGHTNING,Concord,202,2,47,46,+24,08/20/2024
47,NONPOINT / UNDERDOG,361 Degrees,192,8,44,47,+2,08/20/2024
48,NOTHING MORE / IF IT DOESN'T HURT,Better Noise,179,28,43,48,-33,08/20/2024
49,HIGHLY SUSPECT / PLASTIC BOXES,3eE/Roadrunner/InDeGoot,177,1,58,49,+46,08/20/2024
50,ALL THAT REMAINS / LET YOU GO,Independent,176,6,41,50,-48,08/20/2024
1,FALLING IN REVERSE & JELLY ROLL / ALL MY LIFE,Epitaph,862,11,2,1,-81,08/27/2024
2,THE OFFSPRING / MAKE IT ALL RIGHT,Concord,797,11,4,2,+14,08/27/2024
3,HALESTORM & I PREVAIL / CAN YOU SEE ME IN THE DARK?,Atlantic,736,10,8,3,+61,08/27/2024
4,SHALLOW SIDE / FILTERS,Thermal,734,15,5,4,-14,08/27/2024
5,DAUGHTRY / PIECES,Big Machine,732,22,6,5,+16,08/27/2024
6,SEETHER / JUDAS MIND,Concord,723,7,9,6,+57,08/27/2024
7,FAME ON FIRE / NIGHTMARE (THE DEVIL),Hopeless,705,26,3,7,-18,08/27/2024
8,WAGE WAR / MAGNETIC,Fearless/Concord,611,21,7,8,-80,08/27/2024
9,STRIPPING THE PISTOL / HOPE,TLG/ZOID/Virgin,592,8,15,9,+132,08/27/2024
10,BRING ME THE HORIZON / TOP 10 STATUES THAT CRIED BLOOD,Columbia,584,11,11,10,-5,08/27/2024
11,A DAY TO REMEMBER / FEEDBACK,Fueled By Ramen/3eE,543,10,14,11,+56,08/27/2024
12,THE FUNERAL PORTRAIT / SUFFOCATE CITY,Better Noise,503,7,16,12,+52,08/27/2024
13,BLACK VEIL BRIDES / BLEEDERS,Spinefarm/Land Shark,499,16,13,13,+8,08/27/2024
14,SLEEP THEORY / FALLOUT,Epitaph,492,27,1,14,-484,08/27/2024
15,NEW DILEMMA / RUN AND HIDE,Pavement,486,6,19,15,+71,08/27/2024
16,EMPIIRES / NEVER ENOUGH,TLG/ZOID/Virgin,467,5,22,16,+79,08/27/2024
17,FOZZY / ARMY OF ONE,Madison/The Orchard,466,10,10,17,-185,08/27/2024
18,POP EVIL / WHAT REMAINS,MNRK Heavy/G&G,463,2,28,18,+120,08/27/2024
19,MESSER / FIND OUT,Maddpants/ONErpm/FM,459,8,18,19,+42,08/27/2024
20,DOROTHY / MUD,Roc Nation,429,8,24,20,+48,08/27/2024
21,THE ALMAS / LIFELINE,Wake Up! Music Rocks,420,8,20,21,+10,08/27/2024
22,VENREZ / CROSSED THE LINE,Wake Up! Music Rocks,410,7,29,22,+70,08/27/2024
23,BLACKLIST UNION / HORNS AND HALOS,BLU,393,9,25,23,+12,08/27/2024
24,MYLES KENNEDY / SAY WHAT YOU WILL,Napalm,376,8,27,24,+5,08/27/2024
25,JERRY CANTRELL / VILIFIED,Double J,372,4,30,25,+62,08/27/2024
26,TIM MONTANA / SAVAGE,Music Knox/BBR/BMG,364,15,26,26,-17,08/27/2024
27,STAIND / BETTER DAYS,Alchemy/CO5,321,17,17,27,-111,08/27/2024
28,FINGER ELEVEN / ADRENALINE,Better Noise,312,3,37,28,+58,08/27/2024
29,AMERICAN PROGRESS / OUTLAW,Independent,312,4,33,29,+34,08/27/2024
30,SMASHING PUMPKINS / SIGHOMMI,Thirty Tigers,301,6,41,30,+63,08/27/2024
31,ROYALE LYNN / DEATH WISH (FT. DANNY WORSNOP),Epitaph,301,13,12,31,-195,08/27/2024
32,HARDY / PSYCHO,Big Loud Rock/Big Loud,299,6,36,32,+33,08/27/2024
33,DIRTY HONEY / DON'T PUT OUT THE FIRE,Dirt,299,6,31,33,+8,08/27/2024
34,BADFLOWER / DETROIT,Big Machine,286,3,35,34,+15,08/27/2024
35,FLAT BLACK / A BIT OF LIGHTNING,Concord,259,3,46,35,+57,08/27/2024
36,THROWER / ALL I KNOW,Pavement,255,5,21,36,-147,08/27/2024
37,MOTLEY CRUE / DOGS OF WAR,Big Machine,241,17,34,37,-37,08/27/2024
38,KITTIE / WE ARE SHADOWS,Sumerian,239,7,40,38,-6,08/27/2024
39,ABOVE SNAKES / RIDE AND DIE,Independent,239,15,39,39,-8,08/27/2024
40,FROM ASHES TO NEW / BARELY BREATHING,Better Noise,237,25,38,40,-13,08/27/2024
41,SCOTT STAPP / BLACK BUTTERFLY,Napalm,231,17,43,41,+7,08/27/2024
42,PEARL JAM / WRECKAGE,Republic,221,17,42,42,-62,08/27/2024
43,HIGHLY SUSPECT / PLASTIC BOXES,3eE/Roadrunner/InDeGoot,208,2,49,43,+31,08/27/2024
44,PLUSH / RUN,Pavement,203,12,44,44,-27,08/27/2024
45,LAKEVIEW / MONEY WHERE YOUR MOUTH IS,Gravel Road,196,4,45,45,-9,08/27/2024
46,ALBORN / A LITTLE LESS THAN EXPECTED,ONErpm,179,1,54,46,+33,08/27/2024
47,STONE HORSES / FREE,Broken World/Land Shark,177,1,60,47,+49,08/27/2024
48,POPPY / NEW WAY OUT,Sumerian,176,1,51,48,+4,08/27/2024
49,ALL THAT REMAINS / LET YOU GO,Independent,176,7,50,49,0,08/27/2024
50,WOLVES OF TOMORROW / RAVENS TEARS,Independent,175,1,71,50,+74,08/27/2024
1,SEETHER / JUDAS MIND,Concord,788,8,6,1,+65,09/03/2024
2,THE OFFSPRING / MAKE IT ALL RIGHT,Concord,772,12,2,2,-25,09/03/2024
3,HALESTORM & I PREVAIL / CAN YOU SEE ME IN THE DARK?,Atlantic,757,11,3,3,+21,09/03/2024
4,FALLING IN REVERSE & JELLY ROLL / ALL MY LIFE,Epitaph,750,12,1,4,-112,09/03/2024
5,SHALLOW SIDE / FILTERS,Thermal,720,16,4,5,-14,09/03/2024
6,DAUGHTRY / PIECES,Big Machine,711,23,5,6,-21,09/03/2024
7,BRING ME THE HORIZON / TOP 10 STATUES THAT CRIED BLOOD,Columbia,625,12,10,7,+41,09/03/2024
8,WAGE WAR / MAGNETIC,Fearless/Concord,581,22,8,8,-30,09/03/2024
9,EMPIIRES / NEVER ENOUGH,TLG/ZOID/Virgin,569,6,16,9,+102,09/03/2024
10,A DAY TO REMEMBER / FEEDBACK,Fueled By Ramen/3eE,569,11,11,10,+5,09/03/2024
11,BLACK VEIL BRIDES / BLEEDERS,Spinefarm/Land Shark,532,17,13,11,+33,09/03/2024
12,POP EVIL / WHAT REMAINS,MNRK Heavy/G&G,517,3,18,12,+54,09/03/2024
13,THE FUNERAL PORTRAIT / SUFFOCATE CITY,Better Noise,514,8,12,13,+11,09/03/2024
14,VENREZ / CROSSED THE LINE,Wake Up! Music Rocks,512,8,22,14,+102,09/03/2024
15,DOROTHY / MUD,Roc Nation,485,5,20,15,+56,09/03/2024
16,MESSER / FIND OUT,Maddpants/ONErpm/FM,474,9,19,16,+15,09/03/2024
17,THE ALMAS / LIFELINE,Wake Up! Music Rocks,437,9,21,17,+17,09/03/2024
18,STRIPPING THE PISTOL / HOPE,TLG/ZOID/Virgin,422,9,9,18,-170,09/03/2024
19,BLACKLIST UNION / HORNS AND HALOS,BLU,418,10,23,19,+25,09/03/2024
20,MYLES KENNEDY / SAY WHAT YOU WILL,Napalm,405,9,24,20,+9,09/03/2024
21,JERRY CANTRELL / VILIFIED,Double J,389,5,25,21,+17,09/03/2024
22,TIM MONTANA / SAVAGE,Music Knox/BBR/BMG,372,16,26,22,+8,09/03/2024
23,NEW DILEMMA / RUN AND HIDE,Pavement,355,7,15,23,-131,09/03/2024
24,AMERICAN PROGRESS / OUTLAW,Independent,350,5,29,24,+38,09/03/2024
25,FINGER ELEVEN / ADRENALINE,Better Noise,350,4,28,25,+38,09/03/2024
26,SMASHING PUMPKINS / SIGHOMMI,Thirty Tigers,332,3,30,26,+19,09/03/2024
27,DIRTY HONEY / DON'T PUT OUT THE FIRE,Dirt,316,7,33,27,+5,09/03/2024
28,HARDY / PSYCHO,Big Loud Rock/Big Loud,312,7,32,28,+3,09/03/2024
29,BADFLOWER / DETROIT,Big Machine,307,4,34,29,+21,09/03/2024
30,SCOTT STAPP / BLACK BUTTERFLY,Napalm,270,5,41,30,+39,09/03/2024
31,SLEEP THEORY / FALLOUT,Epitaph,268,28,14,31,-224,09/03/2024
32,FLAT BLACK / A BIT OF LIGHTNING,Concord,267,4,35,32,+8,09/03/2024
33,STAIND / BETTER DAYS,Alchemy/CO5,263,18,27,33,-58,09/03/2024
34,KITTIE / WE ARE SHADOWS,Sumerian,253,8,38,34,+2,09/03/2024
35,NOTHING MORE / ANGEL SONG (FT. DAVID DRAIMAN),Better Noise,231,1,58,35,+92,09/03/2024
36,ABOVE SNAKES / RIDE AND DIE,Independent,231,16,39,36,-8,09/03/2024
37,FOZZY / ARMY OF ONE,Madison/The Orchard,224,13,17,37,-242,09/03/2024
38,HIGHLY SUSPECT / PLASTIC BOXES,3eE/Roadrunner/InDeGoot,219,3,43,38,+11,09/03/2024
39,WOLVES OF TOMORROW / RAVENS TEARS,Independent,214,2,50,39,+39,09/03/2024
40,JELLY ROLL / LIAR,BMG,211,2,60,40,+57,09/03/2024
41,POPPY / NEW WAY OUT,Sumerian,208,2,48,41,+32,09/03/2024
42,FAME ON FIRE / NIGHTMARE (THE DEVIL),Hopeless,203,27,7,42,-502,09/03/2024
43,LAKEVIEW / MONEY WHERE YOUR MOUTH IS,Gravel Road,195,5,45,43,-1,09/03/2024
44,ROYALE LYNN / DEATH WISH (FT. DANNY...,Epitaph,195,14,31,44,-106,09/03/2024
45,PLUSH / RUN,Pavement,184,13,44,45,-19,09/03/2024
46,ALBORN / A LITTLE LESS THAN EXPECTED,ONErpm,182,2,46,46,+3,09/03/2024
47,MOTLEY CRUE / DOGS OF WAR,Big Machine,178,18,37,47,-63,09/03/2024
48,HEARTS & HAND GRENADES / BREATHE I...,Independent,175,1,62,48,+46,09/03/2024
49,FROM ASHES TO NEW / BARELY BREATHING,Better Noise,175,26,40,49,-62,09/03/2024
50,ALL THAT REMAINS / LET YOU GO,Independent,174,8,49,50,-2,09/03/2024
1,SEETHER / JUDAS MIND,Concord,837,9,1,1,+49,09/10/2024
2,HALESTORM & I PREVAIL / CAN YOU SEE ME IN THE DARK?,Atlantic,743,12,3,2,-14,09/10/2024
3,SHALLOW SIDE / FILTERS,Thermal,709,17,5,3,-11,09/10/2024
4,THE OFFSPRING / MAKE IT ALL RIGHT,Concord,648,13,2,4,-124,09/10/2024
5,BRING ME THE HORIZON / TOP 10 STATUES THAT CRIED BLOOD,Columbia,619,13,7,5,-6,09/10/2024
6,FALLING IN REVERSE & JELLY ROLL / ALL MY LIFE,Epitaph,602,13,4,6,-148,09/10/2024
7,DAUGHTRY / PIECES,Big Machine,600,24,6,7,-111,09/10/2024
8,POP EVIL / WHAT REMAINS,MNRK Heavy/G&G,580,4,12,8,+63,09/10/2024
9,A DAY TO REMEMBER / FEEDBACK,Fueled By Ramen/3eE,580,12,10,9,+11,09/10/2024
10,BLACK VEIL BRIDES / BLEEDERS,Spinefarm/Land Shark,552,18,11,10,+20,09/10/2024
11,THE FUNERAL PORTRAIT / SUFFOCATE CITY,Better Noise,510,9,13,11,-4,09/10/2024
12,MESSER / FIND OUT,Maddpants/ONErpm/FM,507,10,16,12,+33,09/10/2024
13,DOROTHY / MUD,Roc Nation,502,6,15,13,+17,09/10/2024
14,WAGE WAR / MAGNETIC,Fearless/Concord,491,23,8,14,-90,09/10/2024
15,BLACKLIST UNION / HORNS AND HALOS,BLU,446,11,19,15,+28,09/10/2024
16,THE ALMAS / LIFELINE,Wake Up! Music Rocks,428,10,17,16,-9,09/10/2024
17,AMERICAN PROGRESS / OUTLAW,Independent,407,6,24,17,+57,09/10/2024
18,VENREZ / CROSSED THE LINE,Wake Up! Music Rocks,393,9,14,18,-119,09/10/2024
19,MYLES KENNEDY / SAY WHAT YOU WILL,Napalm,389,10,20,19,-16,09/10/2024
20,EMPIIRES / NEVER ENOUGH,TLG/ZOID/Virgin,385,10,9,20,-184,09/10/2024
21,STRIPPING THE PISTOL / HOPE,TLG/ZOID/Virgin,378,10,18,21,-44,09/10/2024
22,FINGER ELEVEN / ADRENALINE,Better Noise,368,6,25,22,+18,09/10/2024
23,JERRY CANTRELL / VILIFIED,Double J,367,7,21,23,-22,09/10/2024
24,SMASHING PUMPKINS / SIGHOMMI,Thirty Tigers,366,4,26,24,+34,09/10/2024
25,TIM MONTANA / SAVAGE,Music Knox/BBR/BMG,347,17,22,25,-25,09/10/2024
26,NOTHING MORE / ANGEL SONG (FT. DAVID DRAIMAN),Better Noise,340,2,35,26,+109,09/10/2024
27,BADFLOWER / DETROIT,Big Machine,308,5,29,27,+1,09/10/2024
28,HARDY / PSYCHO,Big Loud Rock/Big Loud,305,8,28,28,-7,09/10/2024
29,DIRTY HONEY / DON'T PUT OUT THE FIRE,Dirt,299,8,29,29,-17,09/10/2024
30,FLAT BLACK / A BIT OF LIGHTNING,Concord,274,5,32,30,+7,09/10/2024
31,SCOTT STAPP / BLACK BUTTERFLY,Napalm,267,6,30,31,-3,09/10/2024
32,HEARTS & HAND GRENADES / BREATHE INTO ME,Independent,266,2,48,32,+91,09/10/2024
33,JELLY ROLL / LIAR,BMG,265,3,40,33,+54,09/10/2024
34,WOLVES OF TOMORROW / RAVENS TEARS,Independent,246,3,39,34,+32,09/10/2024
35,SLEEP THEORY / STUCK IN MY HEAD,Epitaph,230,1,57,35,+68,09/10/2024
36,SHIM / STING LIKE A BITCH,Curtain Call,225,1,65,36,+94,09/10/2024
37,SLEEP THEORY / FALLOUT,Epitaph,219,29,31,37,-49,09/10/2024
38,ABOVE SNAKES / RIDE AND DIE,Independent,218,17,36,38,-13,09/10/2024
39,ALBORN / A LITTLE LESS THAN EXPECTED,ONErpm,213,3,46,39,+31,09/10/2024
40,STAIND / BETTER DAYS,Alchemy/CO5,210,19,33,40,-53,09/10/2024
41,CALL ME KARIZMA / MADHOUSE,Gloomy Culture/BHMM,207,1,61,41,+62,09/10/2024
42,HIGHLY SUSPECT / PLASTIC BOXES,3eE/Roadrunner/InDeGoot,207,6,38,42,-12,09/10/2024
43,LAKEVIEW / MONEY WHERE YOUR MOUTH IS,Gravel Road,200,1,43,43,+5,09/10/2024
44,SKILLET / UNPOPULAR,Hear It Loud/Vydia,199,1,52,44,+27,09/10/2024
45,SALEM'S CHLDIE / THROUGH FIRE,Pavement,198,1,56,45,+35,09/10/2024
46,STARSET / TOKSIK,Concord,196,3,41,46,+32,09/10/2024
47,POPPY / NEW WAY OUT,Sumerian,196,1,41,47,-12,09/10/2024
48,MOTLEY CRUE / DOGS OF WAR,Big Machine,178,19,47,48,0,09/10/2024
49,FROM ASHES TO NEW / BARELY BREATHING,Better Noise,174,27,49,49,-1,09/10/2024
50,PEARL JAM / WRECKAGE,Republic,173,18,50,50,0,09/10/2024
1,SEETHER / JUDAS MIND,Concord,829,10,1,1,-8,09/17/2024
2,HALESTORM & I PREVAIL / CAN YOU SEE ME IN THE DARK?,Atlantic,727,13,2,2,-16,09/17/2024
3,SHALLOW SIDE / FILTERS,Thermal,688,18,3,3,-21,09/17/2024
4,BRING ME THE HORIZON / TOP 10 STATUES THAT CRIED BLOOD,Columbia,632,14,5,4,+13,09/17/2024
5,POP EVIL / WHAT REMAINS,MNRK Heavy/G&G,631,5,8,5,+51,09/17/2024
6,A DAY TO REMEMBER / FEEDBACK,Fueled By Ramen/3eE,583,13,9,6,+3,09/17/2024
7,BLACK VEIL BRIDES / BLEEDERS,Spinefarm/Land Shark,572,19,10,7,+20,09/17/2024
8,THE OFFSPRING / MAKE IT ALL RIGHT,Concord,572,14,4,8,-76,09/17/2024
9,MESSER / FIND OUT,Maddpants/ONErpm/FM,557,11,12,9,+50,09/17/2024
10,THE FUNERAL PORTRAIT / SUFFOCATE CITY,Better Noise,542,10,11,10,+32,09/17/2024
11,DOROTHY / MUD,Roc Nation,538,7,13,11,+36,09/17/2024
12,DAUGHTRY / PIECES,Big Machine,477,25,7,12,-123,09/17/2024
13,THE ALMAS / LIFELINE,Wake Up! Music Rocks,469,11,16,13,+41,09/17/2024
14,BLACKLIST UNION / HORNS AND HALOS,BLU,460,12,15,14,+14,09/17/2024
15,FINGER ELEVEN / ADRENALINE,Better Noise,431,6,22,15,+63,09/17/2024
16,AMERICAN PROGRESS / OUTLAW,Independent,426,7,17,16,+19,09/17/2024
17,MYLES KENNEDY / SAY WHAT YOU WILL,Napalm,416,11,19,17,+27,09/17/2024
18,LINKIN PARK / THE EMPTINESS MACHINE,Warner,396,1,63,18,+276,09/17/2024
19,NOTHING MORE / ANGEL SONG (FT. DAVID DRAIMAN),Better Noise,387,3,26,19,+47,09/17/2024
20,JERRY CANTRELL / VILIFIED,Double J,387,7,23,20,+20,09/17/2024
21,SMASHING PUMPKINS / SIGHOMMI,Thirty Tigers,383,5,24,21,+17,09/17/2024
22,WAGE WAR / MAGNETIC,Fearless/Concord,368,24,14,22,-123,09/17/2024
23,SLEEP THEORY / STUCK IN MY HEAD,Epitaph,341,2,35,23,+111,09/17/2024
24,TIM MONTANA / SAVAGE,Music Knox/BBR/BMG,339,18,25,24,-8,09/17/2024
25,HARDY / PSYCHO,Big Loud Rock/Big Loud,338,9,28,25,+33,09/17/2024
26,DIRTY HONEY / DON'T PUT OUT THE FIRE,Dirt,318,9,29,26,+19,09/17/2024
27,HEARTS & HAND GRENADES / BREATHE INTO ME,Independent,299,3,32,27,+33,09/17/2024
28,BADFLOWER / DETROIT,Big Machine,299,6,27,28,-9,09/17/2024
29,SHIM / STING LIKE A BITCH,Curtain Call,297,2,36,29,+72,09/17/2024
30,FLAT BLACK / A BIT OF LIGHTNING,Concord,295,6,30,30,+21,09/17/2024
31,SCOTT STAPP / BLACK BUTTERFLY,Napalm,287,7,31,31,+20,09/17/2024
32,VENREZ / CROSSED THE LINE,Wake Up! Music Rocks,285,10,18,32,-108,09/17/2024
33,WOLVES OF TOMORROW / RAVENS TEARS,Independent,279,4,34,33,+33,09/17/2024
34,JELLY ROLL / LIAR,BMG,277,3,33,34,+12,09/17/2024
35,STRIPPING THE PISTOL / HOPE,TLG/ZOID/Virgin,267,11,21,35,-111,09/17/2024
36,EMPIIRES / NEVER ENOUGH,TLG/ZOID/Virgin,262,8,20,36,-123,09/17/2024
37,FALLING IN REVERSE & JELLY ROLL / ALL MY LIFE,Epitaph,260,14,6,37,-342,09/17/2024
38,SALEM'S CHILDE / THROUGH FIRE,Pavement,241,2,45,38,+43,09/17/2024
39,CALL ME KARIZMA / MADHOUSE,Gloomy Culture/BHMM,236,2,41,39,+29,09/17/2024
40,STARSET / TOKSIK,Concord,230,2,46,40,+34,09/17/2024
41,POPPY / NEW WAY OUT,Sumerian,229,4,47,41,+33,09/17/2024
42,ALBORN / A LITTLE LESS THAN EXPECTED,ONErpm,225,2,42,42,+12,09/17/2024
43,SKILLET / UNPOPULAR,Hear It Loud/Vydia,221,1,51,43,+22,09/17/2024
44,ENEMY REMAINS / WILL I WAKE,Independent,205,1,53,44,+34,09/17/2024
45,CONQUER DIVIDE / PARALYZED (FT....,Mascot,200,1,55,45,+36,09/17/2024
46,LAKEVIEW / MONEY WHERE YOUR MOUTH IS,Gravel Road,199,5,43,46,-1,09/17/2024
47,HIGHLY SUSPECT / PLASTIC BOXES,3eE/Roadrunner/InDeGoot,196,7,42,47,-11,09/17/2024
48,FAME ON FIRE / CHAINS (THE TOWER),Hopeless,195,1,73,48,+91,09/17/2024
49,TREMONTI / JUST TOO MUCH,Napalm,186,1,54,49,+23,09/17/2024
50,THE WARNING / HELL YOU CALL A DREAM,Republic,183,1,58,50,+29,09/17/2024
,SEETHER / JUDAS MIND,Concord,806,11,1,1,-23,09/24/2024
,HALESTORM & I PREVAIL / CAN YOU SEE ME IN THE DARK?,Atlantic,713,14,2,2,-14,09/24/2024
,SHALLOW SIDE / FILTERS,Thermal,700,19,3,3,+12,09/24/2024
,POP EVIL / WHAT REMAINS,MNRK Heavy/G&G,671,6,5,4,+40,09/24/2024
,BRING ME THE HORIZON / TOP 10 STATUES THAT CRIED BLOOD,Columbia,645,15,4,5,+13,09/24/2024
,A DAY TO REMEMBER / FEEDBACK,Fueled By Ramen/3eE,635,14,6,6,+52,09/24/2024
,LINKIN PARK / THE EMPTINESS MACHINE,Warner,628,2,18,7,+232,09/24/2024
,DOROTHY / MUD,Roc Nation,619,8,11,8,+81,09/24/2024
,THE FUNERAL PORTRAIT / SUFFOCATE CITY,Better Noise,564,11,10,9,+22,09/24/2024
,MESSER / FIND OUT,Maddpants/ONErpm/FM,545,12,9,10,-12,09/24/2024
,BLACK VEIL BRIDES / BLEEDERS,Spinefarm/Land Shark,530,20,7,11,-42,09/24/2024
,BLACKLIST UNION / HORNS AND HALOS,BLU,493,13,14,12,+33,09/24/2024
,THE OFFSPRING / MAKE IT ALL RIGHT,Concord,482,15,8,13,-90,09/24/2024
,AMERICAN PROGRESS / OUTLAW,Independent,473,8,16,14,+47,09/24/2024
,FINGER ELEVEN / ADRENALINE,Better Noise,448,7,15,15,+17,09/24/2024
,NOTHING MORE / ANGEL SONG (FT. DAVID DRAIMAN),Better Noise,443,4,19,16,+56,09/24/2024
,SMASHING PUMPKINS / SIGHOMMI,Thirty Tigers,426,6,21,17,+43,09/24/2024
,MYLES KENNEDY / SAY WHAT YOU WILL,Napalm,421,12,17,18,+5,09/24/2024
,DAUGHTRY / PIECES,Big Machine,400,26,12,19,-77,09/24/2024
,HEARTS & HAND GRENADES / BREATHE INTO ME,Independent,374,4,27,20,+75,09/24/2024
,SLEEP THEORY / STUCK IN MY HEAD,Epitaph,368,3,23,21,+27,09/24/2024
,TIM MONTANA / SAVAGE,Music Knox/BBR/BMG,361,19,24,22,+22,09/24/2024
,JERRY CANTRELL / VILIFIED,Double J,354,8,20,23,-33,09/24/2024
,HARDY / PSYCHO,Big Loud Rock/Big Loud,348,10,25,24,+10,09/24/2024
,SHIM / STING LIKE A BITCH,Curtain Call,345,3,29,25,+48,09/24/2024
,BADFLOWER / DETROIT,Big Machine,345,7,28,26,+46,09/24/2024
,JELLY ROLL / LIAR,BMG,330,4,34,27,+53,09/24/2024
,FLAT BLACK / A BIT OF LIGHTNING,Concord,326,7,30,28,+31,09/24/2024
,WOLVES OF TOMORROW / RAVENS TEARS,Independent,324,5,33,29,+45,09/24/2024
,DIRTY HONEY / DON'T PUT OUT THE FIRE,Dirt,292,10,26,30,-26,09/24/2024
,CALL ME KARIZMA / MADHOUSE,Gloomy Culture/BHMM,286,3,39,31,+50,09/24/2024
,SALEM'S CHILDE / THROUGH FIRE,Pavement,283,3,38,32,+42,09/24/2024
,STARSET / TOKSIK,Concord,282,3,40,33,+52,09/24/2024
,SCOTT STAPP / BLACK BUTTERFLY,Napalm,271,8,31,34,-16,09/24/2024
,WAGE WAR / MAGNETIC,Fearless/Concord,263,25,22,35,-105,09/24/2024
,FALLING IN REVERSE & JELLY ROLL / ALL MY LIFE,Epitaph,259,15,37,36,-1,09/24/2024
,FAME ON FIRE / CHAINS (THE TOWER),Hopeless,253,12,13,37,+58,09/24/2024
,THE ALMAS / LIFELINE,Wake Up! Music Rocks,248,5,41,38,-221,09/24/2024
,POPPY / NEW WAY OUT,Sumerian,246,5,41,39,+17,09/24/2024
,ALBORN / A LITTLE LESS THAN EXPECTED,ONErpm,233,15,6,40,+8,09/24/2024
,PEARL JAM / WAITING FOR STEVIE,Republic,223,6,47,41,+69,09/24/2024
,HIGHLY SUSPECT / PLASTIC BOXES,3eE/Roadrunner/InDeGoot,221,3,43,42,+25,09/24/2024
,SKILLET / UNPOPULAR,Hear It Loud/Vydia,217,2,44,43,-4,09/24/2024
,ENEMY REMAINS / WILL I WAKE,Independent,210,2,44,44,+5,09/24/2024
,CONQUER DIVIDE / PARALYZED (FT. ATTACK ATTACK),Mascot,209,2,45,45,+9,09/24/2024
,THE WARNING / HELL YOU CALL A DREAM,Republic,199,2,50,46,+16,09/24/2024
,TREMONTI / JUST TOO MUCH,Napalm,197,2,49,47,+11,09/24/2024
,LAKEVIEW / MONEY WHERE YOUR MOUTH IS,Gravel Road,180,8,46,48,-19,09/24/2024
,HILLBILLY VEGAS / LET IT RIDE,Independent,176,1,70,49,+61,09/24/2024
,HINDER / LIVE WITHOUT IT,Evil Teen,172,1,87,50,+95,09/24/2024